{
  "B1": {
    "condition": "B1",
    "n_intended": 30,
    "n_completed": 30,
    "n_for_AQS": 29,
    "AQS_mean": 54.86206896551724,
    "AQS_std": 25.42035761512391,
    "AQS_min": 8.0,
    "AQS_max": 96.0,
    "TSR": 0.27586206896551724,
    "ET_mean": 962.4466666666666,
    "wc_mean": 8522.633333333333,
    "mods_att_total": 0,
    "mods_app_total": 0
  },
  "B2": {
    "condition": "B2",
    "n_intended": 30,
    "n_completed": 30,
    "n_for_AQS": 28,
    "AQS_mean": 54.535714285714285,
    "AQS_std": 23.4370427644994,
    "AQS_min": 6.0,
    "AQS_max": 93.0,
    "TSR": 0.25,
    "ET_mean": 941.4133333333333,
    "wc_mean": 8284.9,
    "mods_att_total": 0,
    "mods_app_total": 0
  },
  "CO": {
    "condition": "CO",
    "n_intended": 30,
    "n_completed": 30,
    "n_for_AQS": 28,
    "AQS_mean": 51.357142857142854,
    "AQS_std": 15.009168273929513,
    "AQS_min": 30.0,
    "AQS_max": 87.0,
    "TSR": 0.10714285714285714,
    "ET_mean": 1041.9133333333332,
    "wc_mean": 8486.333333333334,
    "mods_att_total": 0,
    "mods_app_total": 0
  },
  "B1_vs_B2": {
    "t": 0.05041752713706151,
    "df": 54.88673702464553,
    "p": 0.9599727029629881,
    "note": ""
  },
  "B2_vs_CO": {
    "t": 0.6043390049673306,
    "df": 45.95770373352536,
    "p": 0.5485903131638983,
    "note": ""
  },
  "field_distribution": {},
  "co_learning_curve": [
    41.0,
    45.0,
    37.0,
    38.0,
    38.0,
    64.0,
    46.0,
    null,
    38.0,
    66.0,
    66.0,
    61.0,
    54.0,
    43.0,
    45.0,
    87.0,
    38.0,
    66.0,
    78.0,
    52.0,
    66.0,
    32.0,
    null,
    47.0,
    66.0,
    39.0,
    30.0,
    42.0,
    71.0,
    42.0
  ]
}